id,artist_name,is_alive,bio,website,social_media,artwork_title,description,medium,date,location,cause,image_url,latitude,longitude,categories
1,The Eighteen Art Collective,TRUE,"The Eighteen Art Collective is a group of 18 Indianapolis-based Black artists who came together in 2020 to paint the 'Black Lives Matter' mural on Indiana Avenue. They have since formalized as a collective to advocate for equity, civic engagement, and the support of Black creatives in the city.",https://18artcollective.com,https://www.instagram.com/18artcollective,Black Lives Matter Street Mural,"A massive street mural where each of the 18 artists was assigned one letter of the phrase 'Black Lives Matter.' The mural is a vibrant affirmation of Black life and culture, located on a street with deep historical significance to Indianapolis's Black community.",Street Paint / Public Mural,August 2020,Indianapolis (Indiana Avenue),"Racial Justice, Activism",/theeighteenartcollective.jpg,39.7753,-86.1649,"mural, public art, activism"
2,Gary Gee,TRUE,"Gary Gee is a multidisciplinary artist from Indianapolis who bridges the gap between street art and fine art. His work often incorporates ceramics, mixed media, and bold graphic styles to explore themes of urban life, hip-hop culture, and social justice.",https://artbygarygee.com,https://www.instagram.com/originalgarygee,We the People,"Part of the 'Murals for Racial Justice', this panel depicts a diverse group of protesters demanding justice. The work contrasts the constitutional ideal of 'We the People' with the reality of police brutality and systemic inequality faced by marginalized communities.",Acrylic on Plywood Banner,2020,Indianapolis (Archived by IndyPL),"Civil Rights, Police Brutality",/wethepeople.webp,,,"street art, public art"
3,Mechi Shakur (Demetrius Green),TRUE,Mechi Shakur (Demetrius Green) is a self-taught visual artist whose work is characterized by raw emotion and intense social commentary. He often uses his art to challenge comfort zones and confront viewers with the harsh realities of racial violence and systemic oppression.,https://ganggangculture.com/artists/mechi-shakur/,https://www.instagram.com/mechishakur/,Blkkk Lives Don't Matter,"A powerful, eight-panel work created on boarded-up windows during the 2020 protests. The provocative title and imagery serve as a direct confrontation of the violence against Black bodies, challenging the viewer to acknowledge the disparity in how lives are valued.",Acrylic on Plywood Banner,2020,Indianapolis (Archived by IndyPL),"Racial Justice, Police Brutality",/blkkklivesdontmatter.jpg,,,"controversial, political"
4,Israel Solomon,TRUE,"Israel Solomon is a visual artist and educator known for his geometric, cubist-inspired style and vibrant use of color. His work frequently focuses on community, family, and the Black experience, often creating portraits that elevate everyday people to icons.",https://www.israelsolomonart.com,"https://www.instagram.com/israelsoloart/?hl=en, https://www.facebook.com/israelsolomonart/",American Duality,"This piece explores the split experience of American life, highlighting the stark differences in safety, policing, and opportunity faced by Black Americans versus their white counterparts.",Art/Mural on Plywood,2020,Indianapolis,Social Justice (General),/americanduality.webp,,,"mural, public art"
5,Fred Wilson,TRUE,"Fred Wilson is a world-renowned conceptual artist known for his practice of 'mining the museum,' where he rearranges and recontextualizes objects to reveal hidden histories of racism and exclusion. He represented the U.S. at the Venice Biennale in 2003.",https://www.pacegallery.com/artists/fred-wilson/,https://www.instagram.com/theartassignment/,E Pluribus Unum,This controversial project proposed remixing the Soldiers' and Sailors' Monument by isolating the sole African American figure (a formerly enslaved man) and elevating him on a new pedestal holding a flag of the African diaspora. The project was cancelled due to public controversy.,Sculptural Intervention (Proposed/Cancelled),2007-2011,Indianapolis (Not Installed),"Racial Justice, Historical Reconciliation",/EPluribusUnum.webp,,,"public art, proposal, conceptual"
6,Robert Indiana (Robert Clark),FALSE,"Robert Indiana was a preeminent figure in the Pop Art movement, best known for his iconic 'LOVE' series. Born in Indiana, his work often used bold text and hard-edge painting to critique American politics, identity, and the deceptive nature of the 'American Dream'.",https://www.robertindiana.com,https://www.instagram.com/explore/tags/robertindiana/,The Confederacy: Mississippi,"Part of his 'Confederacy' series, this work is a blunt critique of Southern racism during the Civil Rights era. It features a map of Mississippi and references the 1964 murders of civil rights workers, condemning the state's violent resistance to justice.",Oil on Canvas,1965,Various Collections,Civil Rights,/mississippi.jpeg,,,"print, pop art"
7,Samuel Levi Jones,TRUE,"Samuel Levi Jones is an artist who challenges the authority of established history by physically deconstructing institutional materials like encyclopedias and law books. He strips the covers and reassembles them into abstract grids, visually dismantling the systems that have historically excluded marginalized voices.",https://www.samuellevijones.com,https://www.instagram.com/slevijones/?hl=en,Poplar Trees,"A diptych made from the skins of deconstructed books. The title references the song 'Strange Fruit' and the history of lynching (poplar trees), using the medium itself to critique how history and law have been used to oppress rather than protect.",Deconstructed Books on Canvas,2015,IU Eskenazi Museum of Art (Bloomington),Racial Justice,/Poplar_Trees_2015.webp,,,mixed media
8,Shauta Marsh & Jim Walker,TRUE,"Shauta Marsh and Jim Walker are the co-founders of Big Car Collaborative, a non-profit arts organization. They specialize in 'creative placemaking,' using art to transform public spaces, build social cohesion, and improve quality of life in Indianapolis neighborhoods.",https://www.bigcar.org,"https://www.instagram.com/bigcarpix/?hl=en, https://www.facebook.com/groups/bigcar/",Social Alchemy,"Social Alchemy' is a multi-year project exploring the concepts of utopia and dystopia, drawing inspiration from New Harmony, Indiana. It uses art, radio, and design to facilitate social connection and reimagine how communities can live better together.",Social Practice / Community Engagement,Ongoing (Since 2005),Indianapolis (Garfield Park),Community Building,/socialalchemy.jpg,39.7326,-86.1415,"public art, collaborative"
9,Andre Portee (AbsorbALL),TRUE,"Andre Portee is a Fort Wayne-based creative and the founder of AbsorbALL. He focuses on using art as a tool for community revitalization, specifically targeting public spaces in underserved neighborhoods to instill pride and ownership.",http://www.andreportee.com,https://www.instagram.com/bodrega/?hl=en,McMillen Park Basketball Court Murals,"A massive, vibrant mural painted directly onto the basketball courts of McMillen Park. The project revitalized a gray, neglected space into a colorful destination, celebrating Black culture and providing a beautiful, dignified space for youth recreation.",Court Paint / Public Art,2020,Fort Wayne (McMillen Park),"Racial Justice, Community Building",/mcmillenparkbasketballcourtmural.jpeg,41.0582,-85.1069,"mural, public art"
10,Rachel Kavathe,TRUE,"Rachel Kavathe is an artist and landscape architect whose work lies at the intersection of nature, community, and urban design. She creates site-specific installations that highlight the identity of neighborhoods and the natural ecosystems they inhabit.",https://rachelkavathestudio.com,https://www.instagram.com/rachelkavathe/?hl=en,McDoel Blooms,"A street mural project designed to calm traffic and beautify the McDoel Gardens neighborhood. The design features native flora and garden imagery, reflecting the neighborhood's history and the shared values of its residents.",Street Mural / Public Art,2025,Bloomington (Allen & Fairview Streets),Community Building,/mcdoelblooms.webp,39.1539,-86.5396,"public art, sculpture"
11,Kacy Jackson,TRUE,"Kacy Jackson, founder of 'The Art of Kacy', is a muralist known for his photorealistic portraits and ability to capture the human spirit. His work is dedicated to storytelling and uplifting community heroes through large-scale public art.",https://www.cityoffortwayne.in.gov/368/Faces-of-the-Fort,https://www.instagram.com/kyjacksonart/,Faces of the Fort: Southeast Mural,"This mural honors local figures Irene Paxia, who supports refugees, and William E. Warfield, a historic Black real estate investor. It celebrates the contributions of immigrants and Black leaders to the fabric of Fort Wayne.",Acrylic on Building / Mural,June 2021,Fort Wayne (4335 S Anthony Blvd),"Civil Rights, Immigration",/facesofthefortkacyjackson.jfif,,,"mural, public art"
12,Benjamin Duke,TRUE,"Benjamin Duke is a painter and professor at Michigan State University. His studio work often involves complex, figurative narratives, which translates into his murals as dynamic, multi-layered compositions that tackle history and social justice.",https://bendukeart.com,https://www.instagram.com/bendukeart/,Faces of the Fort: Northeast Mural,"The mural depicts Glynn Hines, a long-time advocate for racial justice, and Genevieve Meyer, a crusader against child marriage in Indiana. It highlights the ongoing fight for legislative and social protection of vulnerable groups.",Acrylic on Building / Mural,June 2021,Fort Wayne (1514 St. Joseph Blvd),"Racial Justice, Inclusive Community",/facesofthefortbenjaminduke.jfif,,,"mural, public art"
13,Mitchell Egly,TRUE,"Mitchell Egly is a Fort Wayne native and artist who specializes in large-scale public works that engage with local history. He returned to his hometown to contribute to its artistic renaissance, focusing on themes of civic pride and history.",https://mitchellegly.art,,Faces of the Fort: Southwest Mural,"A tribute to diverse local leaders who have shaped the community's history. The mural serves as a visual history lesson, ensuring that the contributions of civil rights leaders and community builders are not forgotten.",Acrylic on Building / Mural,June 2021,Fort Wayne (1818 Bluffton Road),Social Justice (General),/facesofthefortmitchellegly.jfif,,,"mural, public art"
14,May Wright Sewall,FALSE,"May Wright Sewall was a legendary suffragist, educator, and peace activist. A close ally of Susan B. Anthony, she believed that access to culture and education was essential for women's liberation, leading her to found the Art Association (now Newfields) and the Propylaeum.",https://indyencyclopedia.org/may-wright-sewall/,,Founding the Art Association of Indianapolis,"While not a visual artwork, her 'work' was the creation of the institutions themselves. She leveraged her influence to create spaces where women could organize, learn, and engage with the arts, laying the cultural foundation of Indianapolis.",Institution Building,1883,Indianapolis,"Women's Suffrage, Education",/maywrightsewall.jpg,,,"portrait, historical"
15,Florita Eichel,FALSE,"Florita Eichel was a pioneering artist and suffragist in Evansville, Indiana. She joined the suffrage movement at age 20 and later became a key figure in the local arts scene, founding the Evansville Artists Guild to support professional artists in the region.",https://historicevansville.com/,,Suffrage Movement Involvement & Guild Founding,Eichel used her position to bridge political activism and the arts in Southern Indiana. Her legacy is the professionalization of the arts in Evansville and her early grassroots work securing the vote for women in the state.,Activism / Curatorial Work,Early 1900s,"Evansville, Indiana",Women's Suffrage,/floritaeichel.jpg,,,"print, historical"
16,Kassie Woodworth,TRUE,"Kassie Woodworth is an Indianapolis-based sculptor and fiber artist. Her work often utilizes traditional 'domestic' crafts like quilting and embroidery to elevate women's history and explore themes of labor, memory, and social connectivity.",https://www.kassiewoodworth.com,https://www.instagram.com/kassiewoodworth.art/,Together,"Commissioned for the 19th Amendment Centennial, this quilt commemorates the suffrage movement while explicitly acknowledging the racial divide within it. It honors the women of color whose fight for voting rights continued long after 1920.",Quilt (Mixed media),2020,Indianapolis (Indiana Statehouse),"Women's Suffrage, Racial Justice",/together.jpg,,,"quilt, textile, public art"
17,Shelby Nower,TRUE,"Shelby Nower is a fine artist and muralist from Decatur, Indiana. She is known for her colorful, illustrative style and character-driven works that often bring historical figures or community narratives to life.",https://shelbynower.com,,nINeteenth,"A celebratory painting depicting women triumphantly casting their first votes. Nower integrated the names of prominent Indiana suffragists into the clothing of the figures, turning the painting into a historical document of the movement's leaders.",Painting (Oil/Acrylic),2020,Decatur / Indiana Statehouse,Women's Suffrage,/nINeteenth.webp,,,"textile, quilt, public art"
18,Bonnie Fillenwarth,TRUE,Bonnie Fillenwarth is an Indiana artist who works in painting and mixed media. She is deeply interested in women's history and uses her art to tell the stories of forgotten or underappreciated female figures.,https://www.herflag.com,"https://www.instagram.com/bonniefillenwarth/, https://www.facebook.com/BonnieFillenwarthArt/",Her Flag (Indiana Stripe),"Created as Indiana's contribution to the national 'Her Flag' collaborative project. The stripe illustrates key Hoosier suffragists, visually weaving Indiana's specific history into the larger national tapestry of the 19th Amendment ratification.",Mixed Media on Fabric,2020,Indianapolis (Work travels nationally),Women's Suffrage,/herflag.webp,,,"textile, public art"
19,Robert Indiana (Suffrage Work),FALSE,"Robert Indiana was a preeminent figure in the Pop Art movement. Beyond his famous 'LOVE' works, he was deeply engaged with American history and created visual tributes to key historical figures, including suffragists.",https://www.robertindiana.com,,The Mother of Us All (Posters/Designs),"Indiana created the set design and costumes for the Virgil Thomson/Gertrude Stein opera 'The Mother of Us All', which chronicles the life of Susan B. Anthony. His pop-art aesthetic brought a modern, graphic energy to the story of the suffrage movement.",Lithography / Set Design,1967 / 1976,Various Collections,Women's Suffrage,/themotherofusall.jpg,,,"poster, pop art"
20,Karen Boone,TRUE,"Karen Boone is a 'natural pigment painter' who forages for clay, ochre, and charcoal near her home in Southern Indiana. She processes these materials by hand to create zero-waste paints, making her entire artistic process an act of environmental stewardship.",https://www.karenboone.com,https://www.instagram.com/karenbooneartist/,Natural Pigment Works,"Her abstract paintings are literal pieces of the Indiana landscape. By refusing commercial, toxic paints in favor of earth-based materials, her work advocates for a sustainable relationship with the land.",Painting / Mixed Media,Ongoing,"Borden, Indiana",Environmental Justice,/karenboonenaturalpigment.webp,,,"photo, studio, artist"
21,Justin Roberts & Shannon Davis-Roberts,TRUE,"Justin and Shannon operate 'Walk the Willow,' a creative studio specializing in large-scale sculptures made from woven willow branches. They are committed to using sustainable, biodegradable materials that eventually return to the earth without harm.",https://walkthewillow.wordpress.com,https://www.instagram.com/walkthewillow/,Walk the Willow Sculptures,"Whimsical, large-scale woven sculptures (often figures or structures) that demonstrate how public art can be created with a zero-waste footprint. Their work emphasizes the beauty of natural, renewable materials.",Willow Branches / Sculpture,Ongoing,Southern Indiana,"Environmental Justice, Zero Waste",/walkthewillow.png,,,"sculpture, public art"
22,Pat Rowbottom,TRUE,"Pat Rowbottom is a painter and a leader (Vice President) of the 'Artists for Climate Awareness' organization. She works to mobilize the arts community to address the climate crisis through exhibitions, education, and fundraising.",https://www.artistsforclimateawareness.org,,Artists for Climate Awareness,"While her personal work often celebrates nature, her primary 'activist' work is organizational—facilitating exhibits that force the community to confront climate change and conservation issues.",Painting / Advocacy,Ongoing,Bloomington,Environmental Justice,/patRowbottom-Mikes-Garden.jpg,,,"photo, portrait"
23,Angelica Frausto (Nerdy Brown Kid),TRUE,"Angelica Frausto, known as 'Nerdy Brown Kid,' is a Xicana artist and social scientist. Her work is deeply rooted in the experiences of women of color and immigrants, often serving as visual advocacy for the abolition of immigration detention.",https://nerdybrownkid.com,https://www.instagram.com/nerdybrownkid/,Portraits/Illustrations,"Her illustrations are often used in campaigns for organizations like the Detention Watch Network. They focus on the humanity, dreams, and resilience of those impacted by the immigration system, countering dehumanizing political narratives.",Digital Art / Graphic Design,Ongoing,South Bend,"Immigration, Detention Abolition",/nerdybrownkid.jpeg,,,"digital art, portrait"
24,Beatriz Vasquez,TRUE,"Beatriz Vasquez is a Mexican-American 'artivist' who specializes in papel picado (cut paper). She transforms this delicate folk art tradition into large-scale, political statements about border culture, human rights, and the realities of the immigrant experience.",https://beatrizvasquez.com,https://www.instagram.com/beatrizvasquezartist/,Immigrantes Bienvenidos (Immigrants Welcome),"A public installation designed to signal safety and welcome to Latinx neighbors. It uses the imagery of the Monarch butterfly—a symbol of natural, borderless migration—to advocate for the free movement and dignity of people.",Papel Picado / Mural,Ongoing,Indianapolis,"Immigration, Community Safety",/beatrizvasquez.jpg,,,"public art, paper art, installation"
25,Nasreen Khan,TRUE,"Nasreen Khan is a queer, biracial, immigrant artist and writer. Living in the Haughville neighborhood, she uses art to explore 'the margins'—of race, gender, and geography—often using scavenged urban wood to highlight the resilience of nature in the city.",https://nasreenkhan.com,https://www.instagram.com/nasreenkhanartist/,Paintings & Mixed Media,"Her mixed media works often combine natural elements with personal narrative, grappling with the feeling of 'otherness' in the Midwest and challenging the viewer to see the beauty in the marginalized and the reclaimed.",Visual Art / Scavenged Wood,Ongoing,Indianapolis (Haughville),"Immigration, Gender & LGBTQ+ Rights",/nasreenkhanbluewoman.webp,,,"portrait, photography"
26,Jawshing Arthur Liou,TRUE,"Jawshing Arthur Liou is a digital media artist and professor whose work often involves pilgrimages to sacred or politically charged sites. He uses high-definition video to create meditative, immersive experiences that deal with human tragedy and impermanence.",https://www.jawshingliou.com,https://www.instagram.com/jawshingarthurliou/,Whispers from the Divide,"A video installation filmed along the US-Mexico border. Rather than focusing on political rhetoric, the work captures the atmospheric and physical reality of the borderlands, fostering empathy and offering a meditative look at the barriers we erect.",Video Installation,Recent,Bloomington (IU Museum),"Immigration, Empathy",/whispersfromthedivide.png,,,"installation, public art"
28,John Fabion,FALSE,John Fabion was a WPA artist. His work in Bedford is a direct homage to the specific labor history of the 'Limestone Capital of the World'.,https://livingnewdeal.org/projects/post-office-bedford-in/,,Limestone Quarry Workers,A relief sculpture capturing the dangerous and physically demanding work of quarrying limestone. It honors the dignity of the industrial worker during an era when labor rights were a central national conversation.,Terra-Cotta Relief,1942,Bedford (U.S. Post Office),Labor Rights,/limestonequarryworkersjohnfabion.jpg,,,"relief, historical"
29,William F. Kaeser,FALSE,William F. Kaeser was an Indiana artist who participated in the New Deal art programs. His work often focused on the honest depiction of rural and industrial labor.,https://livingnewdeal.org/projects/post-office-mural-pendleton-in/,,Loggers,"A mural depicting the logging industry, emphasizing the collective effort and physical strength required by the workers, serving as a permanent tribute to the region's working-class roots.",Oil on Canvas Mural,1941,Pendleton (U.S. Post Office),Labor Rights,/loggers.png,,,"mural, historical"
30,Nat Werner,FALSE,Nat Werner was a sculptor known for his socially conscious work. His WPA commission in Fowler reflects the agricultural backbone of the local economy.,https://livingnewdeal.org/projects/post-office-relief-fowler-in/,,Rest during Prairie Plowing,"A relief sculpture that humanizes the agricultural laborer, depicting a moment of rest. It acknowledges the exhaustion and humanity of the worker behind the agricultural production.",Cast Stone Relief,1940,Fowler (U.S. Post Office),Labor Rights,/restduringprairieplowing.jpg,,,"relief, New Deal art"
31,Artists At Work (Indianapolis Cohort),TRUE,"Modeled after the WPA, 'Artists At Work' is a workforce resilience program that puts artists on a salary with benefits. It treats art-making as essential labor, pairing artists with social impact organizations to serve the community.",https://www.cicf.org,,Salaried Artist Employment Program,"This is not a single artwork but a radical labor model. It validates art as 'work' deserving of a living wage and health insurance, directly combating the precarious financial reality that many artists face.",Program/Economic Model,Ongoing (Since 2023),Indianapolis,Labor Rights for Artists,/artistsatwork.png,,,"logo, graphic design"
32,Robert Indiana (Robert Clark),FALSE,"Robert Indiana was a preeminent figure in the Pop Art movement. His iconic 'LOVE' series is known worldwide, but he also engaged deeply with political themes, using his graphic style to support causes he believed in.",https://www.robertindiana.com,,HOPE,"Created for Barack Obama's 2008 presidential campaign, the 'HOPE' sculpture utilizes Indiana's signature stacked typography. Proceeds from the print sales were donated to the campaign, marking a direct intersection of Pop Art and political activism.",Mixed Media / Sculpture,2008,Various Collections (Global),Political Change/Satire,/hope.jpg,,,"pop art, icon"
33,Jeffrey A. Wolin,TRUE,"Jeffrey A. Wolin is a photographer and professor known for his unique combination of portraiture and hand-written text. His work gives voice to his subjects, allowing them to write their own stories directly onto the photographic prints.",https://jeffreywolin.com,https://www.instagram.com/jeffreywolin/,Written in Memory (Series),"This series documents the stories of Holocaust survivors. By combining portraits with the survivors' own written memories, Wolin ensures these personal histories are preserved and witnesses to the atrocities of the past are honored.",Photography with Text,1990s–2000s,IU Bloomington,"Social Justice, Holocaust Memory",/writteninmemory.jpg,,,"photography, documentary"
34,Kevin West,TRUE,"Kevin West is a founding member of the Eighteen Art Collective. His vibrant, often abstract portraits focus on Black identity and strength, contributing to the cultural revitalization of Indiana Avenue.",https://www.kwestfineart.com,https://www.instagram.com/artbykwest,Black Lives Matter Mural (Letter 'K'),"West painted the 'K' in the Black Lives Matter street mural. His contribution included the name of his cousin, Michael Taylor, a Black teenager killed by police in Indianapolis in 1987, making the piece a deeply personal protest against police violence.",Street Paint / Mural,August 2020,Indianapolis (Indiana Avenue),Racial Justice,/placeholder-art.jpg,39.7753,-86.1649,"mural, activism"
35,John G. Moore,TRUE,"John G. Moore, known as 'The Jas,' is an artist and preacher whose work often blends spiritual themes with social commentary. He is a member of the Eighteen Art Collective and uses his art to uplift the Black community.",https://indyarts.org/artist/john-moore-2/,https://www.instagram.com/john.g.moore.jr/,Black Lives Matter Mural (Letter 'L'),"Moore contributed the second 'L' to the Indiana Avenue mural. His section incorporates the word 'VOTE' written vertically next to a ballot box, emphasizing civic engagement as a crucial tool for achieving justice.",Street Paint / Mural,August 2020,Indianapolis (Indiana Avenue),"Racial Justice, Spirituality",/placeholder-art.jpg,39.7753,-86.1649,"mural, activism"
36,Ess McKee,TRUE,Ess McKee is a multimedia artist and member of the Eighteen Art Collective. Her work often incorporates hip-hop culture and graphic design elements to challenge stereotypes and celebrate Black creativity.,https://www.iamessmckee.com,https://www.instagram.com/iamessmckee,Black Lives Matter Mural (Letter 'S'),"McKee painted the 'S' in the mural (in 'LIVES'), using bold graphic lines and vibrant colors. Her work often fuses hip-hop aesthetics with fine art, bringing a youthful, energetic visual language to the street.",Street Paint / Mural,August 2020,Indianapolis (Indiana Avenue),"Racial Justice, Youth Empowerment",/placeholder-art.jpg,39.7753,-86.1649,"mural, activism"
37,Wavy Blayne,TRUE,"Wavy Blayne is a visual artist known for his graffiti-inspired style. As part of the Eighteen Art Collective, his work brings a raw, street-level energy to the conversation about racial justice in Indianapolis.",https://ganggangculture.com/artists/wavy-blayne/,https://www.instagram.com/wavyblayne/,Black Lives Matter Mural (Letter 'M'),"Blayne's 'M' in 'MATTER' features dynamic lettering and urban aesthetics, grounding the artwork in the language of the street and claiming public space for Black voices.",Street Paint / Mural,August 2020,Indianapolis (Indiana Avenue),Racial Justice,/placeholder-art.jpg,39.7753,-86.1649,"mural, graffiti"
38,Harriet Watson,TRUE,"Harriet Watson is an artist and educator whose work often features portraiture and historical themes. A member of the Eighteen Art Collective, she uses art to teach and preserve Black history.",https://www.itsartmydearwatson.com,https://www.instagram.com/harrietwatson.art/,Black Lives Matter Mural (Letter 'A'),"Watson painted the second 'A' in 'MATTER', incorporating historical references to the struggles of Black Americans. Her section serves as a reminder that the current movement is part of a long lineage of freedom fighting.",Street Paint / Mural,August 2020,Indianapolis (Indiana Avenue),"Racial Justice, Education",/placeholder-art.jpg,39.7753,-86.1649,"mural, activism"
39,Deonna Craig,TRUE,"Deonna Craig is an Indianapolis-based artist and entrepreneur. Her vibrant, expressive works often focus on Black womanhood and community empowerment. She is a key member of the Eighteen Art Collective.",https://www.deonnacraigart.com,https://www.instagram.com/deonna_heartbeat/,Black Lives Matter Mural (Letter 'V'),"Craig's contribution, the letter 'V', uses bright colors and flowing forms to represent the vitality and spirit of Black women, centralizing their role in the movement for racial justice.",Street Paint / Mural,August 2020,Indianapolis (Indiana Avenue),"Racial Justice, Gender Equity",/placeholder-art.jpg,39.7753,-86.1649,"mural, activism"
40,Danicia Monét,TRUE,"Danicia Monét is an arts administrator, planner, and artist. Her work focuses on the intersection of art, urban planning, and equity, using creativity to redesign public spaces for marginalized communities.",https://daniciamonet.co,"@DaniciaMonet on Twitter, Instagram, and Facebook",Black Lives Matter Mural (Letter 'E'),"Monét's 'E' in the mural is not just a painting but a statement on spatial justice. It reclaims the pavement of Indiana Avenue, a historically Black corridor, asserting that Black lives belong in the city's design.",Street Paint / Mural,August 2020,Indianapolis (Indiana Avenue),"Spatial Justice, Urban Planning",/placeholder-art.jpg,39.7753,-86.1649,"mural, activism"
41,Dr. Jarrod Dortch,TRUE,"Dr. Jarrod Dortch is an artist, professor, and urban farmer. He combines his passion for agriculture with visual art to address food deserts and environmental justice in Black communities.",https://lostdoggallery.com/artists/dr-jarrod-dortch,https://www.instagram.com/jarroddortch,Black Lives Matter Mural (Symbol '#'),"Dortch painted the hashtag '#' symbol at the beginning of the mural. His design incorporates natural imagery, linking the fight for racial justice with the fight for land sovereignty and environmental health in urban neighborhoods.",Street Paint / Mural,August 2020,Indianapolis (Indiana Avenue),"Environmental Justice, Racial Justice",/placeholder-art.jpg,39.7753,-86.1649,"mural, activism"
42,Matthew Cooper,TRUE,"Matthew Cooper is a muralist whose work often features bold typography and graphic elements. A member of the Eighteen Art Collective, he uses his skills to broadcast messages of solidarity and strength.",,,Black Lives Matter Mural (Letter 'T'),"Cooper contributed to the lettering of the mural, grounding the word in a strong, architectural style. His work emphasizes the solidity and permanence of the demand for justice.",Street Paint / Mural,August 2020,Indianapolis (Indiana Avenue),Racial Justice,/placeholder-art.jpg,39.7753,-86.1649,"mural, activism"
43,Amiah Mims,TRUE,"Amiah Mims is a graphic designer and muralist. Her work is characterized by fluid lines and organic shapes, often depicting Black figures in states of grace and power.",https://www.worksbymimsy.com,https://www.instagram.com/worksbymimsy/,Black Lives Matter Mural (Letter 'A'),"Mims contributed the first 'A' in 'BLACK'. Her design features flowing, interconnected lines that suggest movement and the continuity of the struggle for civil rights.",Street Paint / Mural,August 2020,Indianapolis (Indiana Avenue),Racial Justice,/placeholder-art.jpg,39.7753,-86.1649,"mural, activism"
44,Rebecca Robinson,TRUE,Rebecca Robinson is a mixed-media artist known for using unconventional materials like cement and tar. Her work 'Concrete Jungle' explores the harsh realities of urban life while finding beauty in resilience.,https://www.psnob.com/,https://www.instagram.com/psnob,Black Lives Matter Mural (Letter 'L'),"Robinson's 'L' incorporates her signature texture and gritty aesthetic, utilizing cement or tar-like visual elements to symbolize the hardness of the road to justice but also the enduring strength of the Black community.",Street Paint / Mural,August 2020,Indianapolis (Indiana Avenue),Racial Justice,/placeholder-art.jpg,39.7753,-86.1649,"mural, activism"
45,LaShawnda Crowe Storm,TRUE,"LaShawnda Crowe Storm is a mixed media artist, activist, and community organizer. Her work creates spaces for dialogue around difficult topics like racial violence and gender justice.",https://www.lashawndacrowestorm.com/,https://www.instagram.com/lynchquilts,The Lynch Quilts Project,"A community-based quilting project that explores the history and legacy of lynching in America. By using the comforting medium of quilting to address horrific violence, Storm fosters communal healing and historical reckoning.",Textiles / Social Practice,Ongoing,Indianapolis,"Racial Justice, Historical Memory",/placeholder-art.jpg,,,"textile, social practice, activism"
46,Anila Quayyum Agha,TRUE,"Anila Quayyum Agha is a Pakistani-American artist based in Indianapolis. Her large-scale light installations explore themes of gender, exclusion, and cultural intersectionality, drawing from Islamic architectural motifs.",https://anilaagha.com,https://www.instagram.com/anilaquayyumagha,Intersections,"A laser-cut cube suspended from the ceiling with a single light source, casting intricate shadows that cover the entire room. The work creates a shared space where no one is excluded, challenging the gender-based exclusion she experienced in Pakistan.",Laser-cut Steel / Light,2014,Indianapolis (Newfields / Various),"Gender Equity, Religious Tolerance",/placeholder-art.jpg,,,"installation, sculpture"
47,Mari Evans,FALSE,"Mari Evans was a poet, writer, and activist associated with the Black Arts Movement. While primarily a writer, her image and words have been immortalized in public art across Indianapolis, serving as a visual conscience for the city.",https://indyencyclopedia.org/mari-evans/,,Mural of Mari Evans,"A large-scale mural on Mass Ave (painted by Michael Jordan, inspired by her life) featuring Evans and her poetry. It visualizes her legacy as a voice for Black liberation and truth-telling in Indiana.",Public Mural (Subject),2016,Indianapolis (Mass Ave),"Civil Rights, Literature",/placeholder-art.jpg,39.7728,-86.1506,"mural, historical"
48,Etheridge Knight,FALSE,Etheridge Knight was a major African American poet who began writing while incarcerated at the Indiana State Prison. His work addressed the brutality of the prison system and the realities of Black life in America.,https://indyencyclopedia.org/etheridge-knight/,,The Idea of Ancestry (Visual Legacy),Knight's poetry has inspired numerous visual artworks and community projects in Indianapolis. His legacy is often invoked in art activism focusing on mass incarceration and prison reform.,Poetry / Cultural Influence,1968,Indianapolis,"Prison Reform, Racial Justice",/placeholder-art.jpg,,,"literature, activism"
49,T.C. Steele,FALSE,"Theodore Clement Steele was a leading member of the Hoosier Group of Impressionist painters. He was an early advocate for nature conservation, and his move to Brown County helped establish the area as an artistic colony and protected landscape.",https://www.indianamuseum.org/t-c-steele-state-historic-site/,,House of the Singing Winds,"Steele's home and studio in Brown County. His landscapes celebrated the beauty of the Indiana wilderness, playing a crucial role in the state's early conservation movement and the eventual establishment of Brown County State Park.",Oil on Canvas / Architecture,1907,"Nashville, IN","Environmental Justice, Conservation",/placeholder-art.jpg,39.1842,-86.2979,"painting, historical"
50,Gene Stratton-Porter,FALSE,"Gene Stratton-Porter was an author, nature photographer, and naturalist. She used her commercial success as a novelist to advocate for the conservation of the Limberlost Swamp, which was being destroyed for agriculture.",https://www.indianamuseum.org/gene-stratton-porter-state-historic-site/,,Limberlost Photographs,Porter's photographs of the moths and birds of the Limberlost Swamp documented a disappearing ecosystem. Her visual work was a plea for the preservation of Indiana's wetlands.,Photography,Early 1900s,"Geneva, IN","Environmental Justice, Conservation",/placeholder-art.jpg,40.5911,-84.9602,"photography, historical"
51,Janet Scudder,FALSE,"Janet Scudder was a sculptor from Terre Haute who achieved international fame. She was an ardent feminist and suffragist, frequently organizing art exhibitions to raise money for the women's suffrage movement.",https://www.britannica.com/biography/Janet-scudder,,Suffrage Medallions,"Scudder created sculpture and medals specifically to support the cause of women's voting rights. She famously opposed the 'male-dominated' tradition of equestrian statues, preferring garden sculptures that integrated with nature.",Bronze Sculpture,1910s,Various Collections,Women's Suffrage,/placeholder-art.jpg,,,"sculpture, historical"
52,Tom Torluemke,TRUE,"Tom Torluemke is a contemporary painter and muralist based in Northwest Indiana. His work is known for its 'social surrealism,' often tackling tough subjects like environmental pollution, politics, and war with a satirical edge.",http://www.tomtorluemke.com,,Simple Truths,"A public art installation or series that often critiques the industrial landscape of Northwest Indiana and the political climate, using bold colors and distorted figures to reveal uncomfortable truths.",Painting / Public Art,Ongoing,Hammond / Northwest Indiana,"Environmental Justice, Political Satire",/placeholder-art.jpg,,,"painting, political"
53,Malcolm Mobutu Smith,TRUE,"Malcolm Mobutu Smith is a ceramic artist and professor at IU Bloomington. His work merges the aesthetics of hip-hop, jazz, and graphic art with ceramic vessels to explore issues of racial identity and cultural history.",https://www.malcolmmobutusmith.com,https://www.instagram.com/mmsclay,Cloud Vessels,"Ceramic vessels that blur the line between sculpture and functional object. They often feature graphic, graffiti-like surfaces that reference Black cultural production and challenge the traditional, often exclusionary history of ceramics.",Stoneware / Ceramics,Ongoing,Bloomington,"Racial Identity, Cultural Equity",/placeholder-art.jpg,,,"ceramics, sculpture"
54,Taresa Downing,TRUE,"Taresa Downing is an Indianapolis muralist. Her work creates vibrant, inclusive public spaces, often featuring diverse figures and flora that celebrate the community's growth and diversity.",,,Community Growth Mural,"A mural project that revitalizes an urban wall with images of nature and diverse community members, symbolizing hope and the collective tending of the neighborhood.",Mural,Recent,Indianapolis,Community Building,/placeholder-art.jpg,,,"mural, public art"
55,Boxx the Artist,TRUE,"Boxx the Artist is a visual artist and community leader. Her work focuses on community engagement, mental health awareness, and creating safe spaces for creative expression in Indianapolis.",https://www.boxxtheartist.com,"https://www.instagram.com/boxxtheartist, @boxxtheartist on other major platforms",Afro-Futurism,"A dynamic installation located at the Indianapolis International Airport. It examines ideas of Blackness through stylized portraits that display the intersectionality of identities within the African diaspora, using race, class, and gender to explore the evolving Black Experience.",Acrylic / Digital Illustration,2022,Indianapolis International Airport,"Racial Justice, Representation",/placeholder-art.jpg,,,"installation, public art"
56,Shamira Wilson,TRUE,"Shamira Wilson is an interdisciplinary visual artist. Her work explores ethnobotany and the relationship between humans and the environment, advocating for a more sustainable and connected way of living.",https://shamirawilson.com,"https://www.instagram.com/shamirawilson, https://www.instagram.com/wilsonartlab, Facebook @shamirawilson",Ethnobotany Textiles,"Textile and print works that document native plants and their uses, serving as an archive of natural knowledge and a call to protect local biodiversity.",Textiles / Printmaking,Ongoing,Indianapolis,"Environmental Justice, Indigenous Knowledge",/placeholder-art.jpg,,,"textile, environmental"
57,Brose Partington,TRUE,"Brose Partington creates kinetic sculptures that often deal with themes of surveillance, consumerism, and the precariousness of modern life. His work moves and interacts with the viewer, creating a physical dialogue about control.",https://brosepartingtonstudio.com,https://www.instagram.com/brosepartington,Entangled,"A kinetic steel sculpture located at IUPUI (Herron School of Art). It consists of eight unique elements bolted together to create an enclosed form, referencing the shape of a bird's nest. The work examines the subtle movements around us and the patterns they create.",Kinetic Steel Sculpture,2004,Indianapolis (IUPUI),"Environmental Awareness, Systems Thinking",/placeholder-art.jpg,,,"sculpture, kinetic"
58,Tiffany Black,TRUE,"Tiffany Black is a muralist and community artist. She specializes in collaborative mural projects that involve local residents in the design and painting process, ensuring the art reflects the people who live there.",https://www.tblack.co,https://www.instagram.com/tblack.co,Neighborhood History Mural,"A large-scale mural created in collaboration with neighborhood residents, depicting their specific history and heroes, countering gentrification by cementing local identity.",Community Mural,Ongoing,Indianapolis,"Community Building, Anti-Gentrification",/placeholder-art.jpg,,,"mural, community"
59,Artur Silva,TRUE,"Artur Silva is a Brazil-born artist who spent significant time in Indianapolis. His work involves social practice and public interventions that question power dynamics, consumer culture, and the role of art in society.",https://artursilva.com,https://www.instagram.com/artursilvaart,Fountain of Youth (Collaboration),A project involving community engagement and public gatherings that reimagined public spaces as sites of leisure and discourse rather than just commerce.,Social Practice,2010s,Indianapolis,Public Space,/placeholder-art.jpg,,,"social practice, public art"
60,Greg Hull,TRUE,"Greg Hull is a sculptor and professor at Herron School of Art. His work often involves light and kinetic elements, exploring natural phenomena and the fragility of ecosystems.",http://www.greghull.com,,Breath,"An installation that mimics the rhythm of breathing, connecting the viewer to the biological rhythms of life and subtly advocating for mindfulness and environmental awareness.",Kinetic Installation,Various,Indianapolis,Environmental Justice,/placeholder-art.jpg,,,"installation, sculpture"
61,Mary Miss,TRUE,"Mary Miss is a pioneer of environmental art. While based in NY, her project 'City Goes to the Water' in Indianapolis was a landmark effort to reconnect the city to its waterways, advocating for water access and ecology.",https://marymiss.com,https://www.instagram.com/marymissstudio,City Goes to the Water,"A large-scale environmental art plan for the White River in Indianapolis. It proposed using art to reveal the water cycle and connect citizens to the river, anticipating modern urban ecology movements.",Environmental Design,2010s,Indianapolis (White River),"Environmental Justice, Urban Ecology",/placeholder-art.jpg,,,"environmental, conceptual"
62,Shawn Michael Warren,TRUE,"Shawn Michael Warren is a painter and muralist known for his hyper-realistic historical narratives. He uses his art to correct historical omissions, painting Black figures into the prominence they deserve.",https://www.shawnmichaelwarren.com,https://www.instagram.com/shawnmichaelwarren,Major Taylor Mural,"A towering mural in downtown Indianapolis dedicated to Marshall 'Major' Taylor, the Black cycling world champion who faced severe racism in his time. The mural restores his legacy to the city's skyline.",Mural,2021,Indianapolis (Downtown),"Racial Justice, Historical Correction",/placeholder-art.jpg,39.7684,-86.1581,"mural, historical"
63,Pamela Bliss,TRUE,"Pamela Bliss is one of Indianapolis's most prolific muralists. Her work often focuses on local icons and jazz history, preserving the cultural memory of the city's musical heritage.",https://www.pamelabliss.gallery,,Jazz Masters of Indiana Avenue,"A mural celebrating the jazz legends who played on Indiana Avenue. By visualizing this history, Bliss fights against the erasure of the city's Black musical heritage.",Mural,Various,Indianapolis,Cultural Preservation,/placeholder-art.jpg,,,"mural, historical"
64,Constance Scoffield,TRUE,"Constance Scoffield is a painter and community artist. Her work often features vibrant, stylized depictions of women and community life, advocating for joy and connection.",,,Women of Strength,"A series or mural depicting diverse women in positions of power and joy, serving as a visual affirmation of female empowerment in the local community.",Painting,Ongoing,Indianapolis,"Feminism, Community",/placeholder-art.jpg,,,"painting, activism"
65,D. Del Reverda-Jennings,TRUE,"D. Del Reverda-Jennings is a self-taught artist, curator, and author. Her abstract and symbolic work explores African and Caribbean spirituality and the Black female experience.",http://ddelreverda-j.blogspot.com/,,Goddess Series,"Paintings and sculptures that elevate the Black female form to the status of the divine, challenging Eurocentric standards of beauty and spirituality.",Mixed Media,Ongoing,Indianapolis,"Spiritual Activism, Feminism",/placeholder-art.jpg,,,"painting, sculpture"
66,Lobyn Hamilton,TRUE,"Lobyn Hamilton creates art using crushed vinyl records. His portraits of musical icons address themes of cultural memory, the music industry, and the recycling of culture.",https://studiomuseum.org/artists/walter-lobyn-hamilton,,Vinyl Portraits,Portraits made from vinyl records that celebrate Black musical pioneers. The medium itself—broken records—suggests the fragmentation and resilience of Black cultural history.,Vinyl Record Collage,Ongoing,Indianapolis,"Cultural History, Recycling",/placeholder-art.jpg,,,"collage, music"
67,Kyng Rhodes,TRUE,"Kyng Rhodes is a young artist and muralist. His work addresses contemporary social issues like gun violence and racial equity through a bold, illustrative style.",https://www.kyngrhodes.com,https://www.instagram.com/kyngrhodes/,Black Lives Matter Mural (Letter 'B'),"Rhodes painted the letter 'B' in the Indianapolis Black Lives Matter street mural. Inspired by Kente fabric, he used colors to symbolize privileged and unprivileged lives, with a red handprint representing lives lost to police brutality.",Street Paint / Mural,August 2020,Indianapolis (Indiana Avenue),Racial Justice,/placeholder-art.jpg,39.7753,-86.1649,"mural, activism"
68,Willie Ray Parish,TRUE,"Willie Ray Parish is a sculptor and professor. His large-scale public works often engage with the environment and the history of the site, advocating for a thoughtful relationship with public space.",https://www.willierayparish.com,,Public Sculpture (General),"Parish's sculptures in public parks invite interaction and contemplation of the natural landscape, resisting the commercialization of public space.",Sculpture,Various,Indianapolis,Public Space,/placeholder-art.jpg,,,"sculpture, public art"
69,Don Gummer,TRUE,"Don Gummer is a sculptor originally from Indiana. His constructive sculptures explore balance and tension, often placed in public plazas to alter the pedestrian experience of the city.",https://dongummer.com,,Southern Circle,"A large public sculpture commissioned for Indianapolis. It creates a focal point for community gathering, asserting the importance of abstract art in civic life.",Sculpture,2004,Indianapolis,Civic Engagement,/placeholder-art.jpg,,,"sculpture, public art"
70,George Rickey,FALSE,"George Rickey was a kinetic sculptor born in South Bend. His work uses air currents to move, emphasizing the invisible forces of nature and the delicate balance of the environment.",https://rickeyfoundation.org,,Two Lines Oblique,"A kinetic sculpture that moves with the wind. It highlights the power of natural forces, serving as a subtle reminder of our dependence on the environment.",Kinetic Sculpture,1967,Various (South Bend roots),Environmental Justice,/placeholder-art.jpg,,,"sculpture, kinetic"
71,Bill Blass,FALSE,"Bill Blass was a fashion designer from Fort Wayne. While primarily in fashion, his Ghost Army service in WWII used creative deception to save lives, a unique form of artistic activism.",https://www.billblass.com,,Ghost Army Camouflage,"During WWII, Blass was part of the 'Ghost Army,' creating inflatable tanks and sound effects to deceive the enemy. This work used artistic skills directly to fight fascism.",Camouflage / Design,1940s,Europe (Fort Wayne native),Anti-Fascism,/placeholder-art.jpg,,,"design, historical"
72,Michael Graves,FALSE,"Michael Graves was an architect from Indianapolis. Late in life, after becoming paralyzed, he became a fierce advocate for accessible design, reshaping how products and buildings are made for people with disabilities.",https://www.michaelgraves.com,,Accessible Design Projects,"Graves designed hospital furniture and home goods specifically for people with mobility issues, transforming the industry's approach to disability and design.",Architecture / Product Design,2000s,Global (Indy native),"Disability Rights, Accessibility",/placeholder-art.jpg,,,"architecture, design"
73,Twyla Tharp,TRUE,"Twyla Tharp is a dancer and choreographer from Portland, IN. Her work revolutionized modern dance by blending ballet with jazz and pop, challenging elitist distinctions in high culture.",https://www.twylatharp.org,https://www.instagram.com/twylatharpstudio,Deuce Coupe,"A ballet set to Beach Boys music. By bringing pop culture into the ballet world, Tharp democratized dance, making it accessible to broader audiences and breaking down class barriers in the arts.",Choreography,1973,"Global (Portland, IN native)",Cultural Democracy,/placeholder-art.jpg,,,"dance, performance"
74,Phyllis Boyd,TRUE,"Phyllis Boyd is a landscape architect and artist, currently leading Indy Parks. Her career has been defined by using design to address environmental racism and lack of green space in urban neighborhoods.",https://www.groundworkindy.org,,Groundwork Indy Projects,Community-led design projects that transform vacant lots into parks and green spaces. Her work treats the landscape itself as a medium for social justice and equity.,Landscape Architecture,Ongoing,Indianapolis,Environmental Justice,/placeholder-art.jpg,,,"landscape, activism"
75,Kevin Wilson,TRUE,Kevin Wilson is a muralist whose work often focuses on community pride and local history. He uses public art to beautify neglected spaces and instill a sense of ownership in residents.,,,Community Pride Mural,"A mural celebrating the specific history of an Indianapolis neighborhood, using art to fight the erasure that comes with urban development.",Mural,Recent,Indianapolis,Community Building,/placeholder-art.jpg,,,"mural, community"
76,Nick Smith,TRUE,"Nick Smith is a designer and artist. His work often uses bold graphics to address social issues or celebrate local culture, contributing to the visual identity of Indianapolis.",,,Indy aesthetic graphics,"Smith's work often appears in posters and public campaigns, using design to promote local businesses and community events, supporting the local economic ecosystem.",Graphic Design,Ongoing,Indianapolis,Local Economy,/placeholder-art.jpg,,,"design, community"
77,Travis 'Fritz' Ross,TRUE,"Travis 'Fritz' Ross is a tattoo artist and painter. His fine art often explores themes of mortality and the human condition, bringing a counter-cultural aesthetic to the gallery space.",,,Memento Mori,"Paintings that explore death and impermanence, challenging the viewer to confront the fragility of life. His work bridges the gap between tattoo culture and fine art.",Painting,Ongoing,Indianapolis,Cultural Dialogue,/placeholder-art.jpg,,,"painting, tattoo"
78,Milikah Bass,TRUE,"Milikah Bass is an artist and photographer. Her work captures the vibrancy of the Black community in Indianapolis, documenting events and everyday life to create a visual archive of Black joy.",,,Black Joy Series,"A photography series focusing on moments of celebration and happiness within the Black community, serving as a counter-narrative to media images of trauma.",Photography,Ongoing,Indianapolis,"Racial Justice, Representation",/placeholder-art.jpg,,,"photography, activism"
79,Fingers (Graffiti Artist),TRUE,"Fingers is a legendary graffiti artist in Indianapolis. His work challenges the legal boundaries of art, reclaiming public space and questioning who has the right to author the city's visual landscape.",,,Street Graffiti,"Various tags and pieces across the city. While often illicit, this work asserts the presence of the artist in the urban environment and challenges the privatization of public visual space.",Graffiti,Ongoing,Indianapolis,"Public Space, Free Speech",/placeholder-art.jpg,,,"graffiti, street art"
80,Sacred 317,TRUE,"Sacred 317 is a street artist known for intricate, mandala-like designs painted on city streets and walls. His work brings a sense of spirituality and meditation to the chaotic urban environment.",,,Street Mandalas,"Intricate, geometric spiritual patterns painted on public infrastructure like intersections and sidewalks. These works interrupt the mundane daily commute, inviting city dwellers to pause, reflect, and find a moment of zen in the urban chaos.",Street Art,Ongoing,Indianapolis,"Spirituality, Beautification",/placeholder-art.jpg,,,"street art, spiritual"
81,Cierra Johnson,TRUE,Cierra Johnson is a visual artist whose work explores identity and self-perception. She often uses vibrant colors and surreal imagery to depict the internal worlds of her subjects.,https://cjcrtv.com,https://www.instagram.com/cjcrtv,Identity Portraits,"Paintings that explore the complexity of Black identity, moving beyond stereotypes to show the rich inner life of her subjects.",Painting,Ongoing,Indianapolis,Identity Politics,/placeholder-art.jpg,,,"painting, portrait"
82,Kwazar Martin,TRUE,"Kwazar Martin is a painter and muralist. His work often features realistic portraits of Black figures, celebrating their beauty and dignity in a society that often undervalues them.",https://kwazarmartinart.com/,https://www.instagram.com/kwazarmartin/,Community Portraits,"Large-scale murals and paintings of local community members, elevating everyday people to the status of art subjects.",Painting / Mural,Ongoing,Indianapolis,Representation,/placeholder-art.jpg,,,"mural, portrait"
83,Shane 'Siv' Ray,TRUE,"Shane 'Siv' Ray is a graffiti artist and muralist. His work bridges the gap between street culture and gallery art, advocating for the legitimacy of aerosol art.",,,Aerosol Murals,"Vibrant, technical graffiti-style murals that beautify urban decay and assert the value of street art culture.",Spray Paint,Ongoing,Indianapolis,Artistic Freedom,/placeholder-art.jpg,,,"graffiti, mural"
84,Lisa Sears,TRUE,"Lisa Sears is a painter and muralist. Her work often features botanical themes, advocating for the preservation of nature and bringing the calming influence of plants into the city.",,,Botanical Murals,"Murals of flowers and plants that green the concrete landscape, serving as a reminder of nature's resilience and importance.",Mural,Ongoing,Indianapolis,Environmental Justice,/placeholder-art.jpg,,,"mural, environmental"
85,Megan Jefferson,TRUE,"Megan Jefferson is an abstract painter and muralist. Her colorful, atmospheric works create spaces of joy and respite in the public realm, advocating for mental well-being through color.",https://www.jeffersonartstudio.com,https://www.instagram.com/megsj1art/,Color Field Murals,"Abstract murals that use color psychology to improve the mood of public spaces, treating the city environment as a canvas for emotional health.",Mural,Ongoing,Indianapolis,"Mental Health, Public Joy",/placeholder-art.jpg,,,"mural, abstract"
86,Jackie Head,TRUE,"Jackie Head is a ceramic artist who creates large-scale tile installations. Her work focuses on pattern and geometry, transforming architectural spaces into immersive experiences.",https://www.jackiehead.com,,Tiled Environments,"Intricate slip-cast tile installations that cover walls, changing the viewer's perception of space and advocating for the integration of craft into architecture.",Ceramics,Ongoing,Indianapolis,Craft Advocacy,/placeholder-art.jpg,,,"ceramics, installation"
87,Lauren Kussro,TRUE,"Lauren Kussro is a printmaker and installation artist. Her work often involves creating immersive environments from paper and print, exploring themes of nature and fragility.",https://www.laurenkussro.com,https://www.instagram.com/laurenkussro,Paper Gardens,"Installations of thousands of cut paper flowers and forms, highlighting the delicate balance of ecosystems and the ephemeral beauty of nature.",Printmaking / Installation,Ongoing,Indianapolis / Houston,Environmental Fragility,/placeholder-art.jpg,,,"installation, printmaking"
88,Stefan Chinov,TRUE,"Stefan Chinov is a sculptor and professor. His work explores the intersection of history, language, and form, often creating monuments that question traditional narratives.",https://www.stefanchinov.com,,Sculptural Forms,"Abstract sculptures that challenge the solidity of history, suggesting that our understanding of the past is fluid and constructed.",Sculpture,Ongoing,Indianapolis,Historical Dialogue,/placeholder-art.jpg,,,"sculpture, conceptual"
89,Gautam Rao,TRUE,"Gautam Rao is an artist and designer. He is the creator of 'Color Code,' a project that uses algorithms to create patterns. He advocates for the intersection of art, technology, and design.",https://gautamraoart.net,https://www.instagram.com/gautamraoart,Color Code,"Public art and design projects that use algorithmic patterns to create vibrant, engaging spaces, bridging the gap between coding and visual art.",Digital Design / Mural,Ongoing,Indianapolis,STEAM Education,/placeholder-art.jpg,,,"design, technology"
90,Marna Shopoff,TRUE,"Marna Shopoff is an abstract painter interested in architectural space and urban design. Her work deconstructs the built environment, exploring how we inhabit cities.","https://www.ferrarashowman.com/exhibitions/marna-shopoff2, https://www.ferrarashowman.com/exhibitions/marna-shopoff4",https://www.instagram.com/marnashopoff,Spatial Abstractions,"Paintings that layer architectural forms, reflecting the complexity of urban life and the constant flux of the city.",Painting,Ongoing,Indianapolis,Urban Awareness,/placeholder-art.jpg,,,"painting, abstract"
91,Casey Roberts,TRUE,"Casey Roberts creates large-scale cyanotypes. His work features silhouettes of nature and animals, often with a surreal or humorous twist, advocating for a connection to the wild.",https://caseyroberts.com,https://www.instagram.com/caseyrobertsart,Cyanotype Landscapes,"Blue-hued chemical paintings that depict glowing, dreamlike natural scenes, reminding viewers of the magic and mystery of the natural world.",Cyanotype,Ongoing,Indianapolis,Nature Connection,/placeholder-art.jpg,,,"cyanotype, painting"
92,Quincy Owens,TRUE,"Quincy Owens is a sculptor known for his colorful, light-based installations. He often collaborates with Luke Crawley to create works that explore science and the human experience.","https://www.quincyowensart.com, https://www.owensandcrawley.com",https://www.instagram.com/quincyowensart,Light Totems,"Illuminated sculptures placed in public spaces. They serve as beacons of community and hope, transforming the nightscape of the city.",Light Sculpture,Ongoing,Indianapolis,"Public Space, Beautification",/placeholder-art.jpg,,,"sculpture, light art"
93,Luke Crawley,TRUE,Luke Crawley is a science teacher and artist. His work with Quincy Owens combines scientific principles (like sound waves or DNA) with visual art to educate and inspire.,https://www.owensandcrawley.com,,Prime Commonality,"Sculptures based on DNA sequences, highlighting the biological similarities that connect all humans, serving as a scientific argument against racism and division.",Sculpture,Ongoing,Indianapolis,"Science Education, Unity",/placeholder-art.jpg,,,"sculpture, science"
94,Arlon Bayliss,TRUE,Arlon Bayliss is a glass artist and sculptor. His public works often involve community participation and celebrate local history and unity.,https://arlonbayliss.com,https://www.instagram.com/arlonbayliss,Seeds of Light,"A public sculpture featuring glass and light, symbolizing the growth and potential of the community. It serves as a landmark for gathering and shared identity.",Glass / Sculpture,Recent,Indianapolis,Community Building,/placeholder-art.jpg,,,"sculpture, public art"
95,Dale Enochs,TRUE,"Dale Enochs is a limestone sculptor. He works with Indiana's native stone, advocating for the use of local materials and celebrating the geological history of the state.",https://daleenochs.com,,Limestone Monoliths,"Monumental sculptures made from Indiana limestone, combining raw stone with polished metal. They ground the viewer in the physical reality of the Indiana landscape.",Limestone / Metal,Ongoing,Bloomington / Indianapolis,Material Heritage,/placeholder-art.jpg,,,"sculpture, stone"
96,Letitia Quesenberry,TRUE,"Letitia Quesenberry is a contemporary artist based in Louisville/Southern Indiana. Her work explores perception, memory, and the boundaries of vision, often using light and blurry surfaces.",https://www.letitiaquesenberry.com,,Hyperspace,"Abstract works that play with focus and light, challenging the viewer's certainty about what they are seeing and suggesting the subjectivity of experience.",Mixed Media,Ongoing,New Albany / Indianapolis,Perception Awareness,/placeholder-art.jpg,,,"mixed media, abstract"
97,Brian McCutcheon,TRUE,"Brian McCutcheon is a sculptor whose work recontextualizes everyday objects to explore themes of masculinity, labor, and memory.",https://www.brianmccutcheon.com,https://www.instagram.com/dontthinkaboutthebluedoor,Out of This World,"Works exploring the imagery of space flight and childhood wonder, critiquing the heroic narratives of the space race while celebrating imagination.",Sculpture,Ongoing,Indianapolis,Cultural Critique,/placeholder-art.jpg,,,"sculpture, conceptual"
98,Gregory Steel,TRUE,Gregory Steel is a sculptor and professor. His work utilizes industrial materials to explore philosophical concepts of existence and presence.,https://gregorysteel.com,,Victory Unchained,"A large-scale metal sculpture installed at Indiana University Kokomo. Inspired by the Winged Victory of Samothrace, it represents the goddess Nike. The work reflects Steel's philosophical background, merging industrial materials with classical themes.",Steel Sculpture,2023,Kokomo (IU Kokomo Campus),"Industrial History, Classical Reinterpretation",/placeholder-art.jpg,,,"sculpture, minimalism"
99,Katrina Murray,TRUE,"Katrina Murray is a painter and sculptor. Her work features organic, biomorphic forms that explore the interconnectedness of life and the body.",https://katrinajmurray.com,https://www.instagram.com/katrinajmurray,Biomorphic Forms,"Sculptures and paintings that resemble cells or organs, highlighting the vulnerability and vitality of biological life.",Ceramics / Painting,Ongoing,Indianapolis,Biological Awareness,/placeholder-art.jpg,,,"sculpture, painting"
100,Rachel M. Simon,TRUE,"Rachel M. Simon is a painter and educator. Her work often depicts lush, tangled natural environments, exploring themes of growth, decay, and the wildness of nature.",,,Overgrowth,"Paintings of dense vegetation that threaten to overtake the canvas, symbolizing the power of nature to reclaim space and the futility of human control.",Painting,Ongoing,Indianapolis,Environmental Power,/placeholder-art.jpg,,,"painting, nature"
101,Thomas Hart Benton,FALSE,Thomas Hart Benton was a renowned American painter and muralist. He was a leader of the Regionalist art movement. His famous 'Indiana Murals' (A Social History of Indiana) were created for the 1933 Chicago World's Fair and are now housed at Indiana University.,,,A Social History of Indiana (Indiana Murals),"A massive narrative mural cycle depicting the industrial and agricultural history of Indiana. It notably includes a tribute to socialist labor leader Eugene Debs and depicts the KKK, sparking controversy for its honest, unvarnished look at the state's history.",Oil on Canvas Mural,1933,Bloomington (IU Auditorium),"Labor Rights, Socialism",/placeholder-art.jpg,,,"mural, historical, regionalism"
102,India Cruse-Griffin,TRUE,"India Cruse-Griffin is an Indiana-based collage artist and educator. Her vibrant, mixed-media works often depict scenes of Black life, family, and community, celebrating the resilience and joy of the African American experience.",https://indiacruse-griffin.org,https://www.instagram.com/indiacrusegriffin,Hope Skip and Jump,"A mixed-media collage work located at Eskenazi Health. The piece captures the energy and optimism of childhood, using layered paper and bright colors to convey a narrative of hope and the importance of play in community health.","Canvas, Collage / Mixed Media",2012,Indianapolis (Eskenazi Health),"Black Experience, Family",/placeholder-art.jpg,,,"collage, mixed media"